<?xml version="1.0" encoding="UTF-8"?>
<project-private xmlns="http://www.netbeans.org/ns/project-private/1">
    <editor-bookmarks xmlns="http://www.netbeans.org/ns/editor-bookmarks/2" lastBookmarkId="0"/>
    <open-files xmlns="http://www.netbeans.org/ns/projectui-open-files/2">
        <group>
            <file>file:/G:/software%20box/xampp/htdocs/devoyz/facebook.php</file>
            <file>file:/G:/software%20box/xampp/htdocs/devoyz/insert.php</file>
            <file>file:/G:/software%20box/xampp/htdocs/devoyz/facebook_service.php</file>
            <file>file:/G:/software%20box/xampp/htdocs/devoyz/index.php</file>
            <file>file:/G:/software%20box/xampp/htdocs/devoyz/dialog.css</file>
            <file>file:/G:/software%20box/xampp/htdocs/devoyz/dialog.js</file>
            <file>file:/G:/software%20box/xampp/htdocs/devoyz/header.php</file>
            <file>file:/G:/software%20box/xampp/htdocs/devoyz/footer.php</file>
            <file>file:/G:/software%20box/xampp/htdocs/devoyz/instagram_service.php</file>
        </group>
    </open-files>
</project-private>
